{
  "whiff_rate": {
    "mean": 0.2751304755471796,
    "std": 0.07596523294709348,
    "p90": 0.3401423224697542,
    "p75": 0.3316629711751663,
    "p50": 0.311333374480097,
    "p25": 0.22273835745752046,
    "p10": 0.19017555808143535
  },
  "chase_rate": {
    "mean": 0.32403657937051694,
    "std": 0.050346137816884906,
    "p90": 0.3781953594510742,
    "p75": 0.36647145652912766,
    "p50": 0.32477942312147656,
    "p25": 0.2894686443860308,
    "p10": 0.2542976904996964
  },
  "weak_contact_rate": {
    "mean": 0.38769898694681587,
    "std": 0.05151010802586423,
    "p90": 0.4426231992339181,
    "p75": 0.42795835299669654,
    "p50": 0.3903601038217713,
    "p25": 0.3650518348930801,
    "p10": 0.32851909257432715
  },
  "hard_hit_rate": {
    "mean": 0.34637046485469614,
    "std": 0.05052272575905897,
    "p90": 0.4205356472562695,
    "p75": 0.358831703741206,
    "p50": 0.3462341699836541,
    "p25": 0.3122375623986178,
    "p10": 0.2955337115714474
  },
  "called_strike_rate": {
    "mean": 0.15190826648314845,
    "std": 0.043839622940023686,
    "p90": 0.18492685564562925,
    "p75": 0.1755268781301545,
    "p50": 0.1576679542340254,
    "p25": 0.13879043190905643,
    "p10": 0.0938533300873733
  }
}